{
  "Total_DataVol_GB": {
    "LinearRegression": {
      "RMSE": 0.6433578553164138,
      "R2": 0.988748796942787
    },
    "Ridge": {
      "RMSE": 0.6432718707542278,
      "R2": 0.9887519798444675
    },
    "Lasso": {
      "RMSE": 0.6561375181185609,
      "R2": 0.9882982709732093
    },
    "DecisionTree": {
      "RMSE": 0.5752266332228998,
      "R2": 0.991012325413409
    },
    "RandomForest": {
      "RMSE": 0.5295975098551804,
      "R2": 0.9923826394173079
    },
    "GradientBoosting": {
      "RMSE": 0.5649525731046227,
      "R2": 0.9913282911351494
    },
    "XGBoost": {
      "RMSE": 0.5701194717876646,
      "R2": 0.9911741804393145
    },
    "LightGBM": {
      "RMSE": 0.532177123954719,
      "R2": 0.9923068410124728
    }
  },
  "LTE_Avg_RRC_CU": {
    "LinearRegression": {
      "RMSE": 4.779850852429195,
      "R2": 0.9848196857483955
    },
    "Ridge": {
      "RMSE": 4.779200318311067,
      "R2": 0.9848242479213687
    },
    "Lasso": {
      "RMSE": 4.7821694581718805,
      "R2": 0.9848057203061021
    },
    "DecisionTree": {
      "RMSE": 4.353561170377971,
      "R2": 0.987401399768347
    },
    "RandomForest": {
      "RMSE": 4.058352026555929,
      "R2": 0.9890560877082197
    },
    "GradientBoosting": {
      "RMSE": 4.182097909483299,
      "R2": 0.9883772593149912
    },
    "XGBoost": {
      "RMSE": 4.37173864491946,
      "R2": 0.9872979456210388
    },
    "LightGBM": {
      "RMSE": 4.153355239047905,
      "R2": 0.9885412966566453
    }
  },
  "LTE_Cell_THP_DL_Mbps": {
    "LinearRegression": {
      "RMSE": 0.2980994440728448,
      "R2": 0.9577711312161414
    },
    "Ridge": {
      "RMSE": 0.2980597071983716,
      "R2": 0.95778258230766
    },
    "Lasso": {
      "RMSE": 0.29863836809376204,
      "R2": 0.9576230843536917
    },
    "DecisionTree": {
      "RMSE": 0.3158715913814368,
      "R2": 0.9525817270659493
    },
    "RandomForest": {
      "RMSE": 0.2928038216819032,
      "R2": 0.9592588962245536
    },
    "GradientBoosting": {
      "RMSE": 0.2937973818498474,
      "R2": 0.958986124535102
    },
    "XGBoost": {
      "RMSE": 0.31417589814286,
      "R2": 0.9530755504967547
    },
    "LightGBM": {
      "RMSE": 0.2956123176464986,
      "R2": 0.9584774261623874
    }
  },
  "LTE_PrbUtil_DL_pct": {
    "LinearRegression": {
      "RMSE": 1.0876512758688512,
      "R2": 0.9938243209257932
    },
    "Ridge": {
      "RMSE": 1.0876094273976324,
      "R2": 0.9938250361448222
    },
    "Lasso": {
      "RMSE": 1.0945390568309,
      "R2": 0.9937470928374168
    },
    "DecisionTree": {
      "RMSE": 1.2306874588818246,
      "R2": 0.9920928996444651
    },
    "RandomForest": {
      "RMSE": 1.1194694095348297,
      "R2": 0.9934552786851203
    },
    "GradientBoosting": {
      "RMSE": 1.1009395410423086,
      "R2": 0.9936711612004577
    },
    "XGBoost": {
      "RMSE": 1.193394789700705,
      "R2": 0.992565040828809
    },
    "LightGBM": {
      "RMSE": 1.1204067122706998,
      "R2": 0.9934447301547161
    }
  }
}