Month,Pred_Total_DataVol_GB,Pred_LTE_Avg_RRC_CU,Pred_LTE_Cell_THP_DL_Mbps,Pred_LTE_PrbUtil_DL_pct,MonthName
7,22.706963986116758,108.64356983000371,7.56456897137501,52.3752018683559,Jul
8,22.609882042440358,108.3877891567579,7.569014994590848,52.37806262794382,Aug
9,22.636227995154574,108.51030230178037,7.568921235307882,52.353681758741516,Sep
10,22.702812231930707,108.78404196818686,7.5604050484539815,52.32697737746501,Oct
11,22.588969383563526,108.58380265593398,7.576658251249261,52.324830636731996,Nov
12,22.652680815067193,108.89118843950007,7.570857293965797,52.39643556648438,Dec
